CPF;Nome;Endereco;CEP;Email;Telefones
83282201729;Laís Manuela Sandra Silveira;Praça Chá da Alegria;2047901;laismanuelasilveira@solucao.adm.br;11987987472
86771272591;Esther Julia Josefa Drumond;Rua Alvorada;2047902;esther.julia.drumond@vlcorporate.com;11987987473
63473663476;Isabelle Bianca;Rua José Santos de Oliveira;2047903;isabelle@vlcorporate.com;11987987474
56805401500;Felipe Emanuel Vinicius Drumond;Rua Serra da Piedade;2047904;felipe@vlcorporate.com;11987987475
86387626668;Juan Francisco Araújo;Praça Fioravante Salomão;2047905;juan_francisco_araujo@grupoamericaville.com.br;11987987476
73358478858;Lívia Francisca Andrea;Rua Particular Um;2047906;livia@grupoamericaville.com.br;11987987477
53983958907;Benício Márcio Guilherme Araújo;Rua Monsenhor Brandão;2047907;benicio@grupoamericaville.com.br;11987987478
68148463735;Thomas Martin dos Santos;Rua Rudolf Urschei;2047908;thomasmartindossantos@triunfante.com.br;11987987479
15368768877;Rebeca Betina;Rua Intendência;2047909;rebeca@santosferreira.abv.br;11987987480
21662841086;Isaac Breno dos Santos;Rua Maria Polidório;2047910;isaac@santosferreira.abv.br;11987987481
36570545450;Bianca Manuela da Mota;Praça Manuel do Rosario;2047911;biancamanueladamota@santosferreira.abv.b;11987987482
46534785897;Patrícia Sophia Isabelle;Rua João Brícola;2047912;patricia@santosferreira.abv.br;11987987483
54211461206;Breno Thiago da Mota;Rua Central de Santa Helena;2047913;Breno@santosferreira.abv.br;11987987484
23926785101;Isadora Bruna da Rosa;Rua Esperança;2047914;isadorabrunadarosa@caiuas.com.br;11987987485
69866346250;Vera Valentina;Praça Ramos de Azevedo 209;2047915;valeria@elimco.com;11987987486
83360464109;Jorge Kauê Augusto da Rosa;Rua Servidão Sete;2047916;jorge@elimco.com;11987987487
71872588956;Márcio Iago Paulo Barros;Rua José Santos;2047917;marcio_iago_barros@elimco.com;11987987488
76413395316;Aurora Sônia Nair;Rua Central;2047918;aurora@elimco.com;11987987489
65384733280;Nicolas Pietro Barros;Praça Fioravante;2047919;nicolas@elimco.com;11987987490
55953933436;Gabrielly Beatriz Giovanna da Mata;Praça Manuel ;2047920;gabrielly_beatriz_damata@hotmail.com.br;11987987491
